idfiscale,nome,sede
192-99-4304,Davis-Schaden,Cireundang
223-01-8465,Schneider LLC,San Luis
403-96-7997,Gleason Group,Aveiras de Cima
107-06-9317,Stroman-Bashirian,Jermenovci
839-99-2132,Goodwin LLC,Nggelok
880-87-8243,Dibbert LLC,Malakwal City
540-39-2441,"Dickens, Bayer and Becker",Douarnenez
292-90-1347,Kuvalis LLC,Diaowei
661-41-8895,Bode-Gerhold,Baugo
125-31-3496,Collins Inc,Jiulong
174-57-4561,"Botsford, Blanda and Lang",Guanay
894-87-2853,Feeney Group,Resende
643-66-8436,Leuschke LLC,Jimsar
662-06-4135,"Pollich, Ullrich and Hamill",Phong Điền
708-45-1837,Bradtke LLC,Smolenka
888-81-6829,"Ruecker, Pfeffer and Rutherfo",Heting
424-22-4159,Monahan LLC,Juatuba
128-49-7595,Borer LLC,Mīzan Teferī
495-35-8236,Greenholt Group,Kojagete
728-05-6582,Gibson Group,Little Rock
