codicefiscale,nome,cognome
815-91-3551,Cirilo,Simmon
794-98-2498,Etienne,Skittrell
670-92-3641,Doti,Epps
673-76-5238,Zedekiah,Askaw
305-37-4392,David,Belcham
549-04-1243,Ann,Hubeaux
599-27-5014,Ford,Hiskey
286-77-5133,Raychel,Bertelsen
684-98-2101,Elsbeth,Gait
550-22-2523,Kerianne,Alfonso
845-12-7389,Alair,Kybbye
723-34-0361,Kevin,Sikora
798-16-0847,Price,Swannick
176-24-3674,Traver,Reddell
413-54-5603,Teena,Goracci
391-36-8064,Corissa,Baroux
574-68-1313,Margie,Fewster
406-10-2238,Alexandrina,Ritter
241-49-4556,Elberta,Thackston
190-35-1710,Anet,Godney
198-30-8087,Jayme,Warham
721-96-5052,Zeke,Rawson
206-25-3136,Leonora,Buckell
382-81-3047,Emmi,Wilsher
700-76-7626,Dell,Mattingley
356-88-5300,Florencia,Kennefick
152-89-8565,Denny,Flannery
277-79-8525,Agnes,Le Frank
553-44-1861,Jacklin,Vickar
210-65-1036,Shelbi,Dunstone
561-74-9308,Shandy,Gager
419-24-3253,Cobby,Sanday
286-32-7633,Rivkah,Moisey
246-37-9688,Horatia,Durtnal
732-36-9004,Louisette,McCarney
569-74-4170,Jayne,Baudacci
118-84-2246,Anjanette,Shugg
258-86-2540,Ellsworth,Girkin
622-33-9001,Ulrica,Vipan
338-01-3387,Paloma,Churches
735-51-4274,Cicely,Keywood
350-18-9287,Monti,Magne
675-31-8177,Derril,Rafferty
495-43-6967,Eddie,Jerosch
711-63-0503,Samson,Loughren
329-25-7239,Tresa,Lyman
815-20-4120,Lucien,M'Chirrie
881-44-8050,Amil,McLarnon
751-62-5360,Norry,Mozzetti
343-99-3304,Brittne,Meaden
810-12-6306,Sheree,Jumont
491-98-0175,Michele,Breit
309-55-8123,Glenden,Cohani
877-20-7424,Benjy,Jemison
784-24-8313,Kat,Ferriday
534-74-1640,Veronika,Van den Bosch
433-56-1685,Hillier,Satterfitt
889-52-1120,Nerissa,Woodard
599-98-8480,Korie,Matyushenko
131-01-6723,Abbot,Twycross
432-72-7265,Sofia,Iacoviello
867-72-9368,Leone,Guitt
544-31-9668,Javier,Aldie
432-84-9053,Saidee,Gayler
594-43-8402,Jocelyn,Gumly
782-03-1555,Sonni,Francom
622-92-2826,Tillie,Gavrielli
593-04-7122,Maybelle,Notley
316-66-6642,Dusty,Elliot
591-98-6710,Lia,Sandes
122-27-1680,Jyoti,Cordrey
753-92-9992,Mareah,Cowtherd
880-35-1306,Cati,McNulty
164-68-1325,Electra,Collete
321-86-6917,Robinet,Hannond
827-59-5617,Oliver,Presnall
692-33-7007,Lynn,Duddan
634-70-0127,Constantine,Kissell
627-73-3119,Ivonne,McJerrow
365-96-7366,Dimitry,Maryman
490-67-7295,Bradley,Siddon
289-46-8677,Abbe,Eates
553-71-8412,Myranda,Bearfoot
202-66-2839,Ginnifer,Keyes
398-97-1928,Anthea,Stollard
418-27-2425,Bernardina,Scheffler
129-70-9974,Katlin,Fearenside
414-69-0067,Jeff,Cumberlidge
556-20-6158,Aurelia,Smedmoor
378-42-3025,Nicolas,Ganter
866-63-2228,Colleen,Morrow
540-71-9846,Suzanne,Varnham
897-32-5821,Todd,Pershouse
580-48-5304,Tasia,Culshaw
451-82-4096,Pearline,Wadsworth
840-23-3858,Myrtice,Bachelor
581-20-0248,Dunc,Pendleberry
841-62-4285,Axel,Malsher
598-84-2863,Fitz,Scarasbrick
614-82-7275,Claretta,Piggrem
827-09-1432,Pearle,Syme
828-54-3917,Jemie,Otham
610-93-6780,Erinna,Bernardt
619-70-4346,Luigi,Gurry
871-95-3561,Dulcinea,Snipe
688-44-1726,Otto,Atwell
154-57-9816,Horten,Leuren
311-58-1019,Neall,MacCarter
451-87-5221,Manuel,Entwisle
883-52-7646,Blondy,Beaton
321-35-6753,Gus,Peery
683-23-7281,Lawry,Impy
747-59-7753,Aloysia,Dunstall
345-82-7852,Karine,Drewes
447-91-7026,Kathie,Judson
859-35-1470,Karilynn,Friary
122-76-8283,Archer,Eddowis
790-46-0049,Trey,Stebbings
367-67-9425,Corina,Wardell
332-87-7974,Gerek,Brauns
837-95-4903,Reiko,Stanford
539-26-8444,Edmund,Berrow
897-58-0602,Hartley,Bruhnsen
571-20-2308,Vevay,Sier
767-86-0311,Angelo,Jesper
853-34-3911,Bevvy,Moon
822-11-3038,Chere,Lufkin
173-23-6145,Gay,Minker
484-11-0055,Maribeth,Gooda
479-77-7026,Kennedy,Heskin
495-53-3676,Edgard,Caplen
696-22-6985,Gerri,Cowser
759-38-5871,Chaim,Keyser
639-95-9107,Dmitri,Pashen
196-41-8946,Hadleigh,Hovie
403-98-8638,Stanley,Woolger
423-57-5437,Ofilia,Velti
217-25-8914,Mathian,Cossington
569-21-7769,Normand,Veracruysse
799-37-5651,Farr,LaBastida
333-53-4080,Donnie,Danielsky
435-11-7201,Sanders,Nason
234-85-2267,Cindee,Eagell
477-52-5020,Drud,Chorlton
399-85-1659,Grayce,Gallegos
221-86-4191,Tony,Tomkiss
644-25-6338,Fredek,Roggerone
255-49-0171,Hillel,Harbottle
532-25-4264,Curran,Smidmore
377-61-7716,Monro,Kermit
809-62-6190,Mord,Donaher
584-49-3524,Denney,Wipfler
831-56-3859,Marin,Tethacot
448-13-6489,Micaela,Beebe
302-14-4748,Eunice,Paddison
662-73-5838,Dyna,Derrington
705-07-0613,Bondie,Waddilow
370-55-5648,Davis,Rubinow
804-41-8350,Roanne,Epple
182-73-0852,Georgette,MacGrath
186-36-3852,Osborne,Kohrding
140-32-0911,Harland,Diss
322-83-0045,Kati,Antcliffe
807-34-3527,Courtney,Nicklinson
523-77-5787,Winnie,Vondrys
541-89-7464,Carr,Gier
848-21-4647,Dorthea,Fibbitts
123-25-4093,Paolo,Molloy
754-09-1256,Chilton,Palfrie
785-16-9099,Idelle,Fardoe
429-89-8592,Jillie,Wishkar
846-42-0236,Marney,Pimm
568-93-4443,Judye,Scoyles
338-53-9477,Camala,Jeacock
522-44-8085,Carmen,Murfin
118-84-8040,Charmian,Barabisch
886-12-7377,Jo,Madgwich
180-69-2929,Vachel,Lunge
514-69-8732,Norry,Wellfare
361-53-7338,Abagael,Kimbrey
586-43-6024,Isa,Eastcott
490-19-5214,Diane,Esh
803-11-9312,Missy,Menhenitt
712-95-0224,Ralina,Tingly
835-92-0965,Amitie,Flaxon
401-47-0279,Althea,Aymes
195-81-3519,Jakie,Scapens
601-55-5898,Egon,Folger
505-92-7042,Dosi,Adney
129-46-0938,Angil,Moat
216-35-7520,Zea,Bowness
130-69-2796,Reinald,Ubach
467-15-4469,Freda,Fricker
355-52-7026,Dom,Lawry
735-87-7985,Aloysia,Bolan
768-52-2155,Iago,Beardsley
553-88-0799,Perle,Desquesnes
573-22-5784,Reggis,Kidman
349-23-4199,Inglis,Smallshaw
670-55-2685,Verla,Reskelly
558-82-5561,Maude,Leafe
871-93-1103,Joyann,Gavriel
126-48-2394,Sheilakathryn,Aldwich
218-20-9451,Merrilee,Dinneen
704-89-5002,Roselin,Pittet
253-97-0348,Jill,Kurdani
521-95-5443,Tami,Crighten
455-55-8619,Burt,Aberchirder
787-94-9549,Nealy,Lehenmann
481-33-7874,Bari,Giorgione
838-91-5959,Hermine,Poston
508-14-3059,Elayne,Quinsee
147-82-0816,Cesare,Van Haeften
409-46-2137,Jennilee,Batey
488-03-1663,Ignatius,Ceschi
285-49-6857,Linell,Ruffler
411-18-0588,Gray,Berkowitz
415-94-3607,Allard,Repp
738-48-9483,Willow,Gaudin
766-91-8446,Sergeant,Harlett
500-20-5136,Karlens,Brindley
235-91-0673,Timothy,Carek
868-12-4076,Sande,Augustin
762-19-1147,Jayson,Schoenleiter
255-48-6984,Ingmar,Rodway
132-12-8939,Marcelia,Callan
428-43-1896,Mindy,Walkinshaw
509-14-6705,Howard,Strelitzki
621-53-1855,Concordia,Layhe
745-06-5914,Kipper,Peddersen
167-75-0594,Griselda,Breslauer
288-64-3387,Kayle,Green
576-26-6139,Gayle,Krystof
865-39-7974,Corenda,Gray
564-19-4286,Wilona,Wardhough
520-63-0412,Ava,Scase
368-71-3521,Mel,Waistall
883-57-1483,Flor,Corrington
113-09-4903,Pippy,Sparshutt
853-61-8722,Misty,Bazelle
609-77-2350,Gradeigh,Rosenfelt
292-86-2669,Edlin,Suggey
347-82-8378,Sigfrid,Jotcham
505-66-4179,Tripp,Gally
805-19-6463,Rosabelle,Quinet
583-25-8573,Fawn,Simic
733-50-7639,Carmelina,Ritchie
698-45-5691,Godard,Millis
503-24-4190,Washington,Janca
232-77-2650,Georgine,Paz
816-15-7526,Pat,Stuart
310-05-1622,Kessiah,Beatson
289-22-7249,Wallie,Marczyk
220-68-1108,Penrod,Beake
224-88-4256,Cyndie,Goodby
298-86-7704,Gusty,Biagi
532-30-2240,Lindsay,Donne
443-90-4239,Huntlee,Sautter
516-93-8856,Shirleen,Gerrett
559-60-1093,Verina,Hasluck
545-27-0627,Sollie,Ralphs
723-25-1641,Shayla,Cumes
680-66-6015,Michaelina,Camamill
361-62-9166,Humfried,Straniero
837-78-3730,Aubine,Colleck
627-89-6197,Gennie,Effnert
237-97-9128,Roth,Rearie
259-80-7201,Ynes,McMillam
254-92-2680,Herbie,Bennoe
268-25-5169,Kylen,Kulas
591-68-4376,Loree,Giamelli
428-61-2499,Jasun,Bilbrook
401-76-5565,Ebenezer,Maybey
157-89-5410,Cole,Smeal
544-62-5941,Pollyanna,Cohalan
436-35-3182,Fanchette,Pettisall
867-47-7474,Elora,Greschke
448-68-8829,Danyette,Hubeaux
749-97-2591,Susanne,Ladewig
496-04-8941,Anjanette,Melmeth
850-50-8825,Franz,Blowers
373-18-0614,Gloriane,Camplin
599-63-6491,Barclay,Stather
207-37-0577,Pierrette,Ellul
222-68-6706,Bobinette,O'Howbane
660-29-4941,Jens,Hagan
621-26-0799,Ariella,Trammel
739-60-2221,Allan,Gai
125-05-0128,Catherina,Harbertson
773-02-0739,Brittany,Peteri
488-60-9659,Kenna,Lancetter
654-75-9350,Hailee,Glasser
558-11-5876,Cori,Bartosinski
159-15-8431,Devondra,Titchen
759-65-1487,Rachael,Dumblton
318-80-0452,Zebadiah,Clist
403-59-5126,Kareem,MacGillicuddy
357-85-3091,Eugenius,Orrick
413-07-2650,Jefferey,Huxster
345-54-0029,Sydel,McClifferty
668-51-0370,Thorpe,Caulcutt
425-03-1105,Jereme,Burlingham
748-51-7022,Avivah,Brislawn
241-06-3092,Darsie,Yeandel
838-79-4121,Devin,Temperton
690-89-6769,Marion,Howells
672-99-8942,Xever,Curle
894-80-9200,Kareem,Massimi
510-21-1863,Sullivan,Nicholes
886-63-6886,Koral,Stidson
592-65-0822,Alane,Braidley
305-92-9019,Karlotta,Tax
502-15-0012,Zebulen,Downham
825-41-5699,Ax,Hidderley
339-47-7811,Meredithe,Griston
480-56-0636,Ali,Cullivan
118-12-5731,Austen,Gathercole
584-45-8646,Cleve,Janks
811-21-7904,Lena,O'Sheilds
333-80-2049,Maisie,Davisson
634-18-8900,Luz,Ranscombe
636-54-1656,Haroun,Fendley
252-12-2739,Shanan,Losano
450-88-6726,Alfi,Govini
489-76-6500,Consuelo,Prester
304-80-0793,Andreas,Chinnock
657-03-0872,Yves,Christoffersen
141-62-5733,Kristy,Stegell
342-29-9433,Nanny,De Andisie
391-49-4801,Ronalda,Murison
711-19-1987,Rakel,Barsam
843-68-0339,Carolee,Desvignes
525-81-5131,Rene,Waldren
430-59-5626,Shellie,Schiementz
121-56-3053,Corrianne,Sheepy
823-31-8430,Bartie,Guerre
306-26-5238,Jonie,Creegan
140-30-8358,Erastus,Aicheson
600-49-3633,Sunshine,Kinge
779-21-6676,Nicky,MacGinlay
748-77-9984,Kippie,Yansons
210-92-6545,Elizabet,Hunnicot
366-35-5327,Dionisio,Ashe
378-89-0235,Nathaniel,Selkirk
761-02-3102,Tripp,Kernock
880-47-9942,Giffer,Oda
149-60-7833,Gavra,Inglesfield
159-88-5910,Koral,Stephen
607-80-0536,Kelcey,Ponceford
337-95-1574,Inglebert,Mellonby
154-06-7182,Farley,Gagin
870-11-1687,Shir,Marchi
647-73-2486,Jay,O'Suaird
499-44-2244,Jeannine,Caseri
279-23-1878,Emili,Fewell
559-60-8707,Carlota,Lyndon
181-44-6205,Ernesto,McCay
362-84-5682,Candace,Brierton
668-99-0484,Mathilda,Varden
515-03-4963,Hayden,Simmans
894-97-0092,Dene,MacKerley
489-82-2141,Olga,Wais
452-66-5725,Palmer,Moncur
197-89-9457,Griffith,Budik
214-77-0843,Kendricks,Highwood
295-51-3628,Pollyanna,Tingey
514-89-9325,Court,Dance
422-94-4122,Drusi,Fitchet
173-36-5576,Binky,Van Halle
681-29-8632,Claus,Draude
453-15-5816,Jacklyn,Penbarthy
449-29-9693,Garwood,Shelborne
392-08-7988,Joel,Ruspine
604-43-7646,Rutledge,Leppo
133-45-8943,Josiah,Barlee
231-06-0494,Emlen,Woolard
150-90-9753,Danika,Mistry
559-54-4403,Michaeline,Overal
411-05-5231,Merwin,Pruckner
793-86-9258,Tad,Fiennes
455-83-0275,Orrin,Folling
831-82-8444,Gwyneth,Lygoe
497-34-0449,Erick,Eustice
852-60-3162,Maridel,Goulthorp
579-79-8716,Georgy,Moysey
841-24-8765,Padgett,Tyhurst
755-83-8331,Teresa,Kelly
134-10-9928,Pietra,Cobson
288-96-5328,Hillary,Brickdale
555-69-5600,Esmaria,Duignan
759-10-3928,Abel,Goldie
352-29-3200,Zondra,Malby
369-32-5125,Cornelius,Traut
817-33-2462,Dukie,Skews
428-41-2477,Carri,Sasser
495-28-7114,Stephana,Bleackley
677-03-6458,Dorelle,Jendrach
569-51-6653,Shana,Simone
410-33-8312,Marty,Stembridge
393-95-8364,Augusto,Cocci
788-42-3754,Maisey,Rupp
281-84-5189,Ashli,Shackleford
525-37-3633,Adoree,Mahaffey
102-90-4393,Trent,Metts
292-53-0353,Geno,Cullinan
321-01-9647,Danyette,O' Hogan
668-95-5971,Jeremy,Rushford
426-32-6074,Cordelie,Haugh
887-55-1731,Stoddard,Kleinsmuntz
760-50-1258,Emlen,Pulford
612-56-9976,Neils,January 1st
566-38-0557,Griselda,Howarth
139-87-1941,Urban,Teasey
274-56-7765,Bernadette,Bigly
784-91-2086,Ignacius,Seiler
240-01-7851,Livia,Critchlow
413-06-8276,Joice,La Vigne
265-84-8887,Timmy,Whithorn
864-10-9773,Lula,O'Caherny
657-36-7812,Mora,Gravenall
574-41-9677,Patsy,Reihill
612-65-8993,Mychal,Moncrieffe
489-57-2835,Wilmar,Dummett
393-74-4184,Edik,Matuszynski
462-73-7062,Ive,Gue
508-07-0856,Juliette,McQueen
226-84-7076,Kimbra,Tawn
327-47-1526,Cheslie,Hedon
141-79-6690,Perceval,Croote
826-87-8607,Briney,Lamers
128-09-5399,Filippo,Peartree
592-52-7378,Dulci,D'Adda
662-15-1935,Genny,O' Meara
582-27-0873,Rivalee,Killeley
769-82-2575,Francene,Mears
319-14-7162,Evita,Debell
478-12-6473,Tremayne,Benedicto
552-69-6836,Lutero,Ayto
502-83-2611,Elwin,Babin
510-03-8229,Xaviera,Senn
218-22-2802,Vita,Bazoge
853-76-8585,Kristin,Spinley
526-55-2396,Theodosia,Woolager
167-42-8437,Giacinta,Schofield
653-61-1735,Fania,Kaubisch
709-21-6573,Sherwood,Haughton
165-12-8816,Allayne,Trewett
607-57-8993,Candie,Muckley
395-11-2290,Petronille,Serle
330-31-9749,Stefanie,O'Cannan
449-17-1321,Lauralee,Bethel
560-90-9842,Celle,Yerill
252-38-1779,Jesse,O'Reilly
762-66-0992,Angel,Verey
742-26-4208,Issiah,Pickthorn
593-04-3380,Yance,Juszkiewicz
519-01-6332,Alon,Rubbens
269-30-3864,Krisha,Eslinger
814-97-8336,Prescott,Birtle
859-84-7203,Minette,Jeaycock
413-75-6052,Aimee,Seman
754-52-9836,Monica,Piele
295-72-2013,Rayna,Fuzzens
716-23-0436,Eldon,Cammell
843-13-2896,Massimo,Ferry
712-51-2958,Cassandra,Drieu
861-58-4085,Bonni,Frugier
895-17-8385,Rhiamon,Ladbrooke
296-71-6970,Zora,Baudi
491-76-0722,Raina,Knagges
135-88-8818,Alanna,Hartin
663-24-1678,Giovanna,Iacovielli
543-75-0738,Guenevere,McDonnell
806-52-9577,Lauren,Loftus
335-33-4852,Lishe,Towll
863-26-8865,Sophie,Cavozzi
804-67-4372,Giorgio,Haw
698-99-5042,Jacinthe,Dowson
312-08-7053,Clo,Flint
516-55-8231,Nickie,Borg
194-86-8372,Winny,Lagde
646-95-4880,Shannan,Willans
753-67-3964,Wenda,Davidof
347-61-6374,Pauly,Wrintmore
283-43-0895,Marcela,Glenfield
261-03-9792,Matias,Manger
328-72-6247,Jens,McKeaney
700-36-1910,Yehudi,Konzelmann
852-68-3731,Gizela,Brazer
318-60-2273,Ernesto,Georger
263-84-8915,Nobe,Curle
369-60-7621,Lay,Learoyd
659-19-9414,Ebony,Jaquet
141-48-7688,Millisent,Trinbey
389-53-3606,Eddie,Baldree
395-77-3934,Lulu,Glazebrook
302-67-2366,Herrick,Crippell
857-95-9739,Ilsa,Probate
580-05-5713,Tracy,Winder
440-09-9098,Warden,Kleinstub
